Rank,Candidate,Final Score,Zone,Matched Skills,Skill Match,Experience Relevance,Education Alignment,Semantic Similarity
1,vishnu_prasad.docx,0.2182,shortlist,,0.0,0.167,0.333,0.5725
2,vishnu_prasad.pdf,0.2182,shortlist,,0.0,0.167,0.333,0.5725
3,rohan_mehta.docx,0.045,review,,0.0,0.167,0.0,0.0128
4,rohan_mehta.pdf,0.045,review,,0.0,0.167,0.0,0.0128
5,no_headings_vikram.docx,0.0107,auto_reject,,0.0,0.0,,0.0387
6,no_headings_meena.docx,0.0084,auto_reject,,0.0,0.0,,0.0301
7,aditya_rao.docx,0.0067,auto_reject,,0.0,0.0,0.0,0.0268
8,aditya_rao.pdf,0.0067,auto_reject,,0.0,0.0,0.0,0.0268
9,fathima_rasheed.docx,0.0057,auto_reject,,0.0,0.0,0.0,0.0227
10,fathima_rasheed.pdf,0.0057,auto_reject,,0.0,0.0,0.0,0.0227
11,sneha_thomas.docx,0.0048,auto_reject,,0.0,0.0,0.0,0.0193
12,sneha_thomas.pdf,0.0048,auto_reject,,0.0,0.0,0.0,0.0193
13,anjali_suresh.docx,0.0046,auto_reject,,0.0,0.0,0.0,0.0186
14,anjali_suresh.pdf,0.0046,auto_reject,,0.0,0.0,0.0,0.0186
15,ananya_rao.docx,0.0039,auto_reject,,0.0,0.0,0.0,0.0156
16,divya_menon.docx,0.0034,auto_reject,,0.0,0.0,0.0,0.0135
17,divya_menon.pdf,0.0034,auto_reject,,0.0,0.0,0.0,0.0135
18,priya_nair.docx,0.0028,auto_reject,,0.0,0.0,0.0,0.0112
19,priya_nair.pdf,0.0028,auto_reject,,0.0,0.0,0.0,0.0112
20,karthik_subramaniam.docx,0.0017,auto_reject,,0.0,0.0,0.0,0.0069
21,karthik_subramaniam.pdf,0.0017,auto_reject,,0.0,0.0,0.0,0.0069
22,arun_kumar.docx,0.0015,auto_reject,,0.0,0.0,0.0,0.0061
23,arun_kumar.pdf,0.0015,auto_reject,,0.0,0.0,0.0,0.0061
24,nikhil_verma_two_column.pdf,0.0006,auto_reject,,0.0,0.0,,0.0022
25,ishaan_kapoor_photo.docx,0.0,auto_reject,,0.0,0.0,0.0,0.0
26,meera_iyer_table.docx,0.0,auto_reject,,0.0,0.0,0.0,0.0
27,zoya_khan_scanned.pdf,0.0,auto_reject,,0.0,,,0.0
